Country,2000,2001,2002,2003,2004,2005,2006,2007,2008,2009,2010,2011,2012,2013,2014,2015
Aruba,33120.05418,32117.91232,30862.22269,31387.28296,34176.4646,35207.57724,36362.21932,37865.49349,38515.2638,34693.08675,33732.84745,35492.61849,35498.98209,37419.89282,38223.37226,38249.05487
Afghanistan,,,839.4858861,888.15337,885.840819,979.2739786,1031.643135,1176.126357,1218.118215,1454.663015,1637.377987,1626.764793,1806.76393,1874.765634,1897.525938,1886.692977
Angola,3097.307292,3191.266323,3564.096026,3614.607278,3978.697194,4555.185842,5048.876449,5697.251328,6221.423373,6092.783245,6230.297028,6346.395122,6772.528333,6980.423038,7199.245478,7096.600615
Albania,3861.334172,4301.352799,4661.371553,4994.518807,5422.778462,5865.306196,6559.783257,7276.302969,8228.374239,8814.810856,9628.025783,10207.75235,10526.23545,10571.01065,11259.22589,11662.03048
United Arab Emirates,82215.31447,80843.60537,79863.48973,82946.33521,85147.21909,81635.46797,79970.73625,72802.1616,66641.48428,56975.52938,54230.17367,56574.28818,58961.20201,62641.83699,66443.99758,70212.09301
Argentina,11916.58261,11514.61911,10310.12912,11307.75798,12527.8005,13916.53051,15334.93686,16994.69598,17850.13019,16753.39489,18524.85676,19817.45048,19764.22501,20365.61335,20008.32064,20551.83319
Armenia,2327.362521,2621.854364,3031.121882,3539.630267,4038.455075,4772.590047,5609.16897,6609.171824,7264.561195,6326.657969,6565.67866,7019.767748,7649.061531,8003.087763,8405.073655,8727.385447
Antigua and Barbuda,16526.98722,15804.12156,15994.17615,17059.13716,18284.46766,19784.96679,22634.001,24994.55822,25064.10177,21852.20308,20134.81725,19876.21532,20672.91206,20656.38158,21599.19914,22422.02939
Australia,26328.67368,27336.68269,28718.24108,29693.90591,31327.37749,32575.06925,34306.65231,36560.40565,37459.30765,40300.30823,39324.36895,41965.35842,42826.78958,45902.04795,46880.22066,46276.15069
Austria,29380.06604,29715.22222,31178.69333,32108.63255,33743.04471,35013.71404,37623.07576,39392.54059,41316.22518,40926.52376,42006.04688,44452.73275,46457.34578,47922.04912,48799.71547,49879.26647
Azerbaijan,3663.445253,4082.68233,4504.976485,5018.890056,5581.871258,7290.229953,9989.206473,12724.34834,14047.66019,15162.8878,15884.04479,15754.15236,16193.39567,17216.17853,17808.9019,17973.09067
Burundi,571.3263123,582.4678169,601.5297558,587.2425099,612.4744378,617.0619445,648.7489871,666.8755949,689.7486433,698.1735533,718.7144691,739.219255,762.4224795,788.8937827,812.0300436,764.1957633
Belgium,27788.43052,28800.12971,30282.28865,30898.60744,32033.87096,33177.89095,35222.60515,36755.65633,37883.33194,37757.28209,39836.89771,40942.37271,42290.76205,43671.11959,44929.68559,46213.26653
Benin,1326.089814,1384.897282,1428.017897,1459.584662,1518.93259,1546.708441,1609.104674,1701.971136,1769.252435,1773.729771,1781.563317,1820.889304,1891.530388,2006.327881,2114.480315,2122.235592
Burkina Faso,855.7447616,906.0727906,933.2403657,995.4642409,1037.231644,1128.295648,1198.756926,1261.982902,1339.245523,1348.005973,1394.2531,1472.715841,1550.630684,1620.205369,1672.023437,1704.859643
Bangladesh,1346.743205,1419.137782,1469.845761,1541.185923,1638.916165,1773.888588,1923.417573,2088.720935,2231.689464,2335.918717,2466.902949,2650.729933,2844.702565,3033.404632,3240.885623,3451.398507
Bulgaria,6377.837474,6908.956055,7726.400977,8343.138854,9122.849554,10211.27988,11313.55081,12800.81668,14328.98986,14146.1069,14934.13274,15676.13334,16208.22043,16571.02876,17534.30326,18186.48723
Bahrain,35763.21023,35689.48306,35551.58974,36338.58416,37461.93299,38492.09419,39170.68512,40300.17978,40565.77983,39422.3421,39740.61794,40168.32789,41753.10138,44273.42185,46331.98242,46911.96227
"Bahamas, The",26238.18446,27102.45479,27812.35914,27482.05591,27956.38229,29258.70162,30326.45273,30996.4288,30299.92548,28760.51286,29099.05721,29503.70807,30656.13395,29977.73977,30482.19811,30696.33839
Bosnia and Herzegovina,4547.97267,4751.117361,5136.520313,5373.142659,6200.620711,6479.660192,7406.347448,8188.589841,9028.865381,9030.464332,9347.583517,9976.479662,10304.01646,11016.58285,11433.16053,12013.9825
Belarus,6027.325186,6483.761082,6962.798228,7644.927706,8809.526945,10005.93725,11409.2556,12781.80909,14409.22188,14580.5808,15927.8747,17166.69564,17807.41774,18298.84706,18949.88244,18389.74375
Belize,5437.384498,5658.088689,5873.411376,6369.457477,6669.721807,6873.415769,7214.467355,7297.398433,7484.370023,7403.044146,7555.204308,7694.355111,7886.901934,7913.061672,8179.45644,8371.374376
Bermuda,40694.79221,44112.32699,43861.57041,45898.5812,47914.37378,49909.88091,53960.55659,56666.44157,58305.3793,55337.67603,55241.0749,54984.51039,53137.21507,52547.33309,,
Bolivia,3478.202471,3546.116063,3623.09177,3721.055939,3909.065039,4134.616513,4386.565455,4629.682798,4925.91967,5045.331273,5228.115329,5524.717798,5825.139985,6231.296345,6593.232982,6882.488916
Brazil,9073.976905,9274.24759,9581.992836,9747.941038,10460.55063,11004.95618,11659.39278,12568.1979,13332.14386,13288.43548,14320.36869,15061.95319,15506.55426,16111.44268,16358.39077,15813.85544
Barbados,12734.21678,12659.77483,12917.43431,13399.25767,13905.82076,14850.10279,16099.4947,16765.32442,17170.59085,16392.95742,16164.98116,16321.98342,16582.13009,16607.18236,16861.34651,17386.93959
Brunei Darussalam,65305.76557,67184.3545,69510.20853,71514.39372,72549.22496,73930.4777,78411.6146,79631.19236,78670.55795,76961.8122,78907.87122,82502.9353,83725.42103,82263.49831,80782.0315,80177.75612
Bhutan,2640.679535,2865.296749,3161.84584,3406.512427,3641.685222,3968.817637,4317.784502,5181.00986,5472.363625,5822.685951,6517.066344,7097.18994,7513.686888,7712.881979,8108.300979,8705.598204
Botswana,8528.969125,8574.343766,9076.228393,9506.492466,9849.796995,10421.37193,11401.3476,12409.29787,13158.84871,12007.23239,12964.35144,13838.60282,14558.06641,16310.10289,17092.12224,16724.51778
Central African Republic,676.8110417,706.6981799,728.1662565,687.3649048,733.3177346,748.1942658,791.9856238,834.5316894,852.9298062,919.4085589,962.2919722,1016.218552,1083.689925,699.5928807,710.8121645,744.7345426
Canada,29265.08444,30107.65694,30853.20132,32225.05212,33796.9992,36211.0846,37999.0386,39439.80689,40275.9899,38797.38505,40012.3914,41569.44962,42189.19611,44188.73171,45645.5643,44567.86635
Switzerland,35754.54761,36778.01064,37718.28483,37713.3375,39170.03225,40572.26448,45106.41668,49746.38939,52584.72681,51769.03029,53067.72464,56183.82162,57849.57204,60108.52002,61902.12954,63938.98939
Chile,9553.566623,9972.651027,10333.06363,10841.32389,11812.63501,12746.58339,15753.96299,16941.83598,16501.80692,16159.60523,18161.80392,20342.57092,21507.7074,22439.27836,22786.6556,22688.01003
China,2936.287745,3227.419438,3553.923793,3958.471977,4449.561919,5081.049041,5867.796877,6847.069623,7615.029533,8352.689933,9303.7337,10355.49571,11328.28171,12361.39797,13446.40239,14454.99797
Cameroon,2039.934284,2119.058927,2184.982452,2265.805853,2418.58814,2476.299312,2568.442478,2691.89729,2762.942018,2767.974836,2817.572722,2914.237667,3021.4092,3153.682358,3311.734005,3442.73448
"Congo, Dem. Rep.",455.8150878,443.5747121,450.4504171,469.7704098,498.9798703,528.9747838,555.799958,586.9952654,615.0719745,616.6586194,646.2953953,682.007332,719.914259,768.6449157,829.3626456,867.0883574
"Congo, Rep.",3677.147746,3790.96904,3914.89949,3906.125177,4028.312196,4337.194228,4591.995561,4483.926647,4663.011862,4886.383669,5214.502782,5353.804296,5518.967422,5667.595799,6017.671947,6089.839655
Colombia,6694.81285,6848.278541,7022.739601,7324.400853,7811.230086,8320.569299,9036.314249,9792.902952,10188.01706,10274.48986,10732.74905,11650.19949,12226.28584,12891.37931,13618.12436,14006.15358
Comoros,1900.656026,1939.276549,1967.64432,1998.168463,2042.269826,2114.657068,2183.490414,2206.559329,2283.896913,2318.430196,2376.538886,2465.324918,2531.037977,2627.3439,2668.895231,2664.270877
Cabo Verde,3101.002514,3183.819402,3348.349609,3497.853193,3900.335986,4240.265086,4655.64533,5437.709911,5841.058767,5741.218207,5821.739805,6102.412164,6207.361424,6285.969823,6362.960401,6415.612462
Costa Rica,7787.377759,8089.579389,8349.671125,8732.228946,9220.889154,9737.088813,10609.50688,11625.93049,12240.57907,12058.52382,12644.69665,13302.92828,14041.99378,14445.89836,15067.31118,15610.87955
Cayman Islands,62144.8997,61515.84102,61566.92107,62207.35227,62748.13144,67007.34676,70105.89991,72078.25335,71101.471,64698.99043,62158.60304,62861.18074,63666.6115,64546.38605,66497.01153,68131.32457
Cyprus,21291.43211,22871.52603,23556.26141,24252.82356,25921.20781,27763.21009,29984.36507,32849.77692,34830.3699,33891.67453,33421.04262,33313.53723,31834.49956,30375.21718,30042.81289,31722.36651
Czech Republic,16190.80503,17554.48772,18189.23435,19426.08513,20799.15764,21956.38386,23776.48706,26124.89545,27844.79533,27599.30086,27667.4329,28797.41796,29047.24644,30485.71415,32263.31575,33691.42424
Germany,27202.79337,28380.38412,29178.63747,29875.02793,31305.28794,31794.09601,34124.87427,36252.41196,37802.38743,36823.38028,38949.54976,42541.53109,43359.61483,44993.89275,47011.55109,47683.7886
Djibouti,,,,,,,,,,,,2744.268655,,,,
Dominica,6549.08947,6687.479497,6584.450757,7106.074263,7489.875334,7751.066096,8342.414879,9100.901836,9934.093254,9889.384103,10068.0688,10249.89541,10328.73041,10397.44175,11054.63145,10857.20177
Denmark,28662.09474,29449.6194,30640.34562,30786.24895,32908.68079,34150.15946,37295.65935,38968.5154,41278.32683,40339.67713,42999.61614,44403.38484,44803.96824,46726.85414,47901.44736,49058.50107
Dominican Republic,6595.771906,6803.998794,7117.697385,7051.023517,7324.228267,8152.859622,9049.39913,9853.171718,10236.54484,10283.16147,11132.93764,11580.56878,11979.70226,12634.96457,13623.11821,14555.74119
Algeria,8162.587573,8480.070459,8981.349267,9682.476035,10234.9309,11022.14747,11380.09442,11897.10382,12218.04739,12294.61249,12655.13741,13046.12851,13482.72112,13823.82823,14326.28301,14711.22085
Ecuador,5854.337577,6110.458846,6348.924913,6530.517214,7135.985853,7619.033946,8059.131304,8316.568167,8868.937591,8841.984389,9114.338328,9883.580029,10483.13413,11028.42904,11484.17161,11431.99158
"Egypt, Arab Rep.",5971.668538,6199.410071,6327.810798,6528.675327,6852.14983,7249.452566,7839.842257,8471.343487,9091.000665,9411.304969,9814.298455,9982.845702,10172.98306,10340.54214,10601.16669,10938.86186
Eritrea,1977.56065,2121.702039,2124.888346,2009.73975,2002.327942,2037.792855,2013.889196,2042.664795,1838.043016,1888.61518,1921.43479,2102.95406,,,,
Spain,21587.25644,22958.76158,24371.59885,25018.36612,26119.79374,27606.93405,30688.36622,32438.17339,33263.2724,32098.97505,31680.18539,31867.97324,31720.12,32434.0032,33525.74063,34912.47613
Estonia,9435.008551,10326.17942,11670.36527,13122.83916,14521.29779,16624.91204,19313.26424,22170.25226,22830.09032,20597.93347,21796.6101,24780.97878,26190.55295,27642.58537,29135.7044,29397.12984
Ethiopia,494.2873019,531.5337939,532.6266218,515.8733033,584.8968669,655.7866987,728.390516,811.0642774,891.2764327,950.5543294,1052.606672,1161.581434,1250.351222,1367.714144,1494.112052,1621.706726
Finland,26788.40847,27807.31978,28605.12232,29019.3104,31173.32308,32051.794,34419.38065,37801.78453,40083.69727,37980.06516,38953.3576,40916.83858,40873.09533,41493.14165,41757.40219,42535.47517
Fiji,5312.128363,5517.36059,5774.530237,5934.624538,6403.401963,6618.784842,6892.836695,6947.961986,7078.627366,6965.538944,7202.758363,7520.373655,7758.218769,8262.957312,8882.388365,9372.542337
France,26094.25256,27501.54241,28523.88573,28141.4614,29034.00071,30498.57929,32434.86026,34088.36008,35095.26296,34685.1738,35900.04557,37440.63863,37679.12178,39523.85395,40141.58548,40833.24207
Faroe Islands,,,,,,,,,,,,,,,,
"Micronesia, Fed. Sts.",2489.404148,2604.705446,2663.933614,2759.388483,2753.504963,2910.789014,3018.000788,3069.169281,3080.07978,3154.792793,3265.692825,3422.28921,3388.224899,3276.300421,3215.174418,3354.508395
Gabon,14182.23034,14453.96722,14301.43243,14537.38852,14655.94539,15106.77815,14708.23376,15549.51322,14863.56838,14514.77299,15190.41441,16011.1245,16536.56596,17116.34365,17548.27129,17819.55959
United Kingdom,26407.20992,27756.81263,29068.59386,30261.57769,31964.59597,32668.22632,34767.00114,35600.00779,36660.19256,35003.49742,36340.73387,37161.49069,38311.84608,39971.02536,41259.00094,42509.88817
Georgia,2932.733288,3190.188485,3448.844072,3927.811153,4293.788083,4883.042305,5536.086757,6433.362023,6737.558439,6599.447428,7145.520193,7897.696255,8627.623156,9122.490656,9699.506341,10081.43513
Ghana,1765.935336,1831.441011,1897.129518,1983.476478,2098.15671,2234.201454,2387.358547,2492.897985,2703.302627,2784.138279,2964.43112,3368.800837,3664.600153,3909.669523,4006.186475,4044.413369
Guinea,1208.548507,1253.416761,1312.646354,1327.887063,1368.553326,1424.147685,1453.004181,1558.614436,1617.117614,1574.663204,1632.386304,1721.451359,1817.852602,1880.238514,1940.634943,1986.353057
"Gambia, The",1952.907589,2045.715869,1947.272525,2052.939391,2186.559451,2134.310336,2121.13587,2178.153538,2290.386246,2389.549038,2484.669168,2261.049017,2352.808421,2389.253928,2328.650876,2376.478914
Guinea-Bissau,1122.741789,1147.826788,1129.327752,1130.831277,1165.917433,1224.222269,1259.812383,1303.724633,1338.110142,1358.998261,1401.692456,1506.695312,1469.805044,1503.745886,1506.589514,1574.461164
Equatorial Guinea,8703.661456,13945.636,16236.60098,18069.89933,24525.86524,28241.92807,29941.85897,33840.551,38790.90398,37820.95481,33294.6535,34622.11627,36576.09043,34180.71153,33542.76508,29592.37967
Greece,19518.90751,20963.56036,22615.93565,23870.1601,25437.26843,25577.52408,28519.53894,29291.92369,30856.01183,30365.39993,28148.42242,26141.31959,25284.46408,26097.8719,26838.45523,26902.52532
Grenada,7589.576807,7568.456451,7922.895537,8802.265578,8951.282111,10423.86032,10283.79525,11179.3058,11475.72783,10764.51396,10788.98952,11040.10948,11054.58487,11436.02581,12424.06768,13280.98243
Greenland,,,,,,,,,,,,,,,,
Guatemala,4830.764001,4935.712795,5086.550786,5188.204053,5368.507328,5585.650725,5928.026112,6327.75499,6516.890988,6458.253034,6576.668609,6844.540528,7031.531311,7264.853827,7552.717983,7788.497934
Guam,,,,,,,,,,,,,,,,
Guyana,3673.79935,3847.739042,3955.084199,4001.162701,4169.794786,4213.389641,4562.465789,5013.018452,5209.1518,5428.762167,5706.200768,6106.967371,6523.258263,6935.122921,7302.406982,7565.799719
"Hong Kong SAR, China",27068.81009,27613.41243,28388.88501,29858.75065,33071.36409,36461.38319,39949.13935,43300.43427,44813.10793,43949.60279,47123.34339,50085.95933,51344.50705,53649.88933,55781.77367,57235.19123
Honduras,2628.424519,2686.72693,2759.212445,2865.039618,3049.733773,3256.300176,3493.06359,3723.884307,3871.469391,3726.826149,3832.54541,3984.497267,4150.265868,4263.120157,4398.096634,4536.135356
Croatia,10601.6383,11613.48393,12647.63913,13550.17297,14534.45224,15303.86262,17431.30471,19354.98219,20776.44815,19998.68469,19761.48491,20743.50638,21136.4033,21769.27996,22062.0257,23013.62205
Haiti,1363.804198,1355.931003,1351.106112,1358.553498,1324.113894,1367.599877,1417.629644,1480.52853,1498.199674,1532.1101,1478.736255,1569.198158,1621.371471,1695.141608,1750.202933,1766.044239
Hungary,11854.81987,13213.44527,14526.38826,15464.17155,16228.92055,17073.55143,18342.71523,19045.80841,20696.72857,20678.06831,21569.89008,22894.34764,23148.12788,24498.17916,25604.98821,26668.04088
Indonesia,4620.547598,4827.438785,5055.355834,5323.104507,5664.893913,6091.922453,6534.07551,7041.486994,7510.100118,7813.090106,8284.501294,8859.139998,9444.948401,10009.66548,10570.19504,11063.06221
Isle of Man,,,,,,,,,,,,,,,,
India,2156.689919,2270.718563,2354.2651,2544.112251,2774.420858,3039.128698,3331.592127,3628.001338,3757.289184,4026.380833,4360.15405,4624.561404,4909.584076,5252.272397,5682.731285,6133.887015
Ireland,30177.82788,32546.09148,35212.09472,36237.77128,38669.20414,40437.77458,44204.9969,46759.71484,44283.73011,41621.71832,43295.01791,44855.3247,46256.56888,47897.29166,51067.97671,69056.04604
"Iran, Islamic Rep.",10533.52478,10713.58315,11528.77068,12611.46551,13355.14302,14045.20849,15023.08444,16501.97427,16681.79497,16791.05888,17767.50221,18400.90629,17149.73922,17202.3003,18101.7763,17817.63647
Iraq,9717.658254,9861.520265,9055.551154,5999.130991,9255.53032,9738.639139,10840.81758,11098.13138,12040.24597,12287.72965,12884.90384,13693.97637,15320.88647,16133.56524,15950.19629,15981.31509
Iceland,29710.55155,31775.15843,32524.02325,32619.35874,35608.06946,37233.19629,39093.95196,41160.23651,43318.35275,41905.36603,39576.97124,40767.23641,41926.34194,44157.55246,45714.89381,48728.09936
Israel,24931.03887,24918.00428,25224.87874,23821.5451,25224.36448,24831.44992,25678.71429,27487.84462,27433.06349,27501.29414,28861.93991,30539.96337,31693.91787,34145.7126,34212.94449,35436.81087
Italy,27076.1868,28045.44843,28736.57711,29164.59527,29527.79094,30130.64446,32419.93615,34108.20429,35523.27131,34610.03145,35155.66806,36598.01497,36486.29679,36314.6971,36194.87392,36909.32837
Jamaica,6318.642619,6495.147003,6684.32279,7014.854567,7257.340316,7508.988192,7918.879434,8206.866186,8257.870394,7920.231105,7853.974864,8112.12923,8170.129002,8306.755236,8473.743427,8595.88659
Jordan,5815.873532,6142.842663,6476.612526,6724.043386,7300.219009,7879.095022,8443.677235,8983.913039,9369.884496,9471.843568,9306.488797,9235.879132,9151.732473,9093.010015,9123.978709,9089.006864
Japan,26838.69136,27472.54712,28160.10761,28924.68216,30348.04197,31663.4531,33090.19626,34501.50901,34798.7659,33198.61611,34986.99454,35774.69671,37191.38595,38974.07949,39179.15561,40396.24321
Kazakhstan,7918.947004,9200.784457,10261.83496,11386.11323,12726.39944,14268.33754,16101.83296,17801.14353,18519.2511,18392.88499,19685.35171,21276.93402,22407.98331,23823.88613,24924.37021,25123.31799
Kenya,1669.318817,1722.772066,1712.506831,1747.464545,1835.481863,1950.28767,2081.164298,2221.122812,2207.642032,2235.680111,2385.992645,2515.927471,2610.737996,2740.02864,2867.10191,2988.073282
Kyrgyz Republic,1650.785503,1759.989812,1771.185889,1910.77178,2074.835594,2111.757152,2219.185786,2449.999653,2681.893434,2746.972069,2733.079268,2920.60321,2921.603783,3232.128754,3356.983448,3453.360746
Cambodia,1101.815794,1185.433252,1259.813705,1368.700893,1525.928724,1754.171137,1971.563042,2198.292175,2355.903624,2340.558567,2470.704155,2658.062552,2860.146734,3073.318143,3300.61675,3513.82356
Kiribati,1583.087611,1567.041215,1624.565342,1658.863228,1644.954584,1744.974858,1758.459498,1800.754894,1756.730343,1745.986907,1716.059227,1749.233461,1837.991938,1921.614459,1917.627413,2110.117273
St. Kitts and Nevis,17734.62004,18898.42789,19424.95332,18861.59023,19903.88922,22257.62821,23359.95826,23754.90841,25570.31248,24685.25821,24033.32038,24766.19605,24461.13248,25999.0328,27910.15016,28261.41206
"Korea, Rep.",18082.9548,19168.21512,20775.10514,21376.76617,22936.81163,24196.42385,25820.97163,27822.27653,28655.98352,28325.2093,30365.27837,31228.5107,32097.164,32615.77259,33587.5834,35760.73444
Kuwait,56067.05908,55831.35461,57502.26456,67935.05515,75549.67174,83521.9999,88482.98358,91290.71514,89916.47335,79265.59307,73817.97698,78021.67168,80209.81453,78399.24717,76703.31167,75042.14197
Lao PDR,1979.537838,2105.342745,2230.725003,2373.963598,2553.684695,2776.517672,3056.927319,3321.339336,3589.502001,3823.692269,4130.547187,4485.181127,4863.791732,5267.284644,5689.82855,6075.952799
Lebanon,8448.529729,8632.385929,8654.47792,8672.163654,9091.163179,9366.765445,9688.656235,10860.92089,12102.83681,13286.61257,14111.19139,13841.53501,13610.88835,13309.01995,13049.03296,12695.41014
Liberia,1048.694769,1063.610813,1094.849374,765.7607838,791.8993006,837.6613236,901.3154509,974.9193196,1021.823984,1041.945486,1078.946046,1154.40937,1234.280819,1329.049283,1328.913111,1309.269565
Libya,17437.0857,17230.91106,17060.31866,19326.376,20406.82756,23181.26796,25053.9574,26958.63336,27825.07083,27474.49038,28890.36545,11096.15636,25080.96838,21929.50351,16870.48513,15403.57322
St. Lucia,8486.854699,8300.631416,8402.606913,8860.384636,9682.614003,9845.841882,10644.30463,11005.98965,11614.16662,11384.55596,11428.51171,12049.20936,12168.57838,12078.36362,12416.87345,12520.76322
Liechtenstein,,,,,,,,,,,,,,,,
Sri Lanka,4410.987735,4406.600002,4616.969352,4940.196264,5304.427424,5764.132459,6344.939228,6906.996548,7407.324792,7674.350942,8328.90662,9155.658792,10171.42447,10618.20208,11250.30924,11830.69575
Lesotho,1303.543534,1377.59123,1413.615276,1514.086085,1590.942832,1705.716887,1837.356205,1980.900154,2155.306978,2215.177375,2378.563578,2578.639634,2767.67561,2857.768834,2972.012946,3062.068836
Lithuania,8457.608774,9451.636523,10494.35179,12067.65917,13031.50054,14526.0824,16484.59202,19095.43677,20744.12753,18145.85292,20039.01002,22823.91839,24645.56909,26680.03416,28156.13581,28823.81289
Latvia,8015.685601,9018.397415,10052.62273,11010.88527,12199.16411,13836.84355,15745.10313,18127.15673,19466.14509,16924.03115,17587.34596,19789.4764,21291.1197,22692.85344,23844.22612,24830.93429
"Macao SAR, China",33616.33289,34526.36757,37283.94641,41356.41236,52527.87894,57164.45169,65257.00934,75063.00432,77472.77793,77417.84569,95951.96228,116456.9567,126618.3727,139962.1749,137832.9615,107069.5956
Morocco,3574.843324,3873.407176,4009.185551,4276.012573,4547.823685,4787.233945,5243.914739,5509.929878,5879.26095,6099.692766,6324.152955,6703.876831,6940.434737,7278.362142,7507.240831,7822.968048
Monaco,,,,,,,,,,,,,,,,
Moldova,2235.878102,2429.72802,2666.845803,2903.817694,3210.597016,3567.570266,3862.678175,4094.912562,4508.754038,4275.933379,4637.516516,5012.742008,5079.416347,5637.502408,6035.022647,6082.841894
Madagascar,1340.131271,1407.821118,1211.285973,1314.210686,1378.740509,1443.840549,1517.271503,1608.135453,1700.21266,1599.214903,1583.036118,1596.89409,1631.312329,1652.671039,1693.795099,1718.597532
Maldives,7800.490466,7472.464508,7924.279814,8923.529345,9448.786658,8242.991429,10452.27422,11296.00956,12303.97044,11177.85596,11720.52813,12486.44691,12496.42826,13039.04792,13622.88572,13546.05023
Mexico,11089.81343,11129.86896,11187.47762,11482.44959,12085.7618,12657.63719,13808.17762,14290.06724,14924.82175,14558.24481,15260.62055,16520.25851,17162.92752,17373.89702,18045.98446,18284.88284
Marshall Islands,2476.246796,2668.129428,2760.841073,2710.465424,2757.248092,2866.939653,2946.295217,3093.465138,2934.230051,2995.234351,3252.367857,3285.582535,3258.500774,3425.601546,3443.028342,3519.218145
North Macedonia,6127.035274,6028.860911,6305.372185,6502.651099,7080.110143,7759.701569,8584.853586,9242.973203,10418.05514,10914.42066,11273.857,11611.25115,11839.61687,12653.59655,13368.14674,13831.22799
Mali,1166.376271,1335.566578,1357.257746,1462.478263,1477.634673,1571.587683,1639.719328,1685.393542,1741.249136,1777.690079,1836.816217,1877.892828,1842.686602,1863.367757,1974.217655,2053.128574
Malta,19425.71188,19621.34454,20561.69408,20937.60382,21401.14407,22232.48289,23223.97713,24893.20115,26193.18285,26139.50818,27809.1065,28585.82045,29437.16903,31080.26838,33391.11068,36195.56319
Myanmar,1025.710408,1154.626473,1300.795797,1494.384325,1727.868284,2007.514098,2322.057579,2653.118882,2963.697788,3280.274594,3613.019143,3864.959768,4193.132339,4587.086831,5005.999653,5372.241161
Montenegro,6002.627014,6773.144226,7100.282774,7332.728503,7835.159297,8313.65688,10447.90074,12447.2825,13816.61796,13024.77202,13634.99696,14472.45826,13863.88105,14870.22694,15371.1069,16337.25379
Mongolia,3704.257383,3861.572885,4068.489678,4388.534427,4930.358646,5387.888859,5949.514034,6644.628515,7270.048778,7119.208251,7530.75353,8853.125419,9939.570296,11068.45656,11925.8134,12100.12735
Northern Mariana Islands,,,,,,,,,,,,,,,,
Mozambique,504.0740388,561.2486948,605.0869388,639.6857231,688.3647277,735.376635,808.0249408,869.4162049,925.1805404,964.3353336,1010.752656,1078.208603,1146.642098,1213.929695,1291.74681,1354.391906
Mauritania,2255.10044,2288.067066,2275.961576,2388.844886,2521.691232,2753.877366,3277.513188,3362.484972,3366.393023,3260.58864,3356.361346,3483.522101,3646.727568,3822.312546,3993.317015,3937.947108
Mauritius,8977.839746,9407.27454,9643.218155,10329.29675,10997.50266,11473.50702,12338.18105,13334.33017,14274.27438,14820.49866,15612.29342,16561.77098,17421.14502,18282.22808,19290.69193,20162.99668
Malawi,703.1408641,665.8978472,671.3882915,705.6155993,745.1582906,773.116299,811.5953094,888.2018943,947.2435231,1004.660758,1055.49399,1097.942135,1107.97055,1152.848569,1207.29441,1220.229587
Malaysia,12973.90027,13037.70037,13670.03764,14437.40671,15522.70405,16531.59892,17632.1306,18872.82195,19787.69915,19283.45231,20605.20111,21806.82279,23105.07529,24279.37169,25875.50267,27116.57626
Namibia,5203.03658,5293.947383,5550.438276,5806.673404,6594.173668,6861.588443,7442.555097,7911.929266,8130.123186,8067.700206,8500.097148,8959.515893,9427.082267,9955.453108,10598.66867,11160.37964
New Caledonia,,,,,,,,,,,,,,,,
Niger,600.6752781,633.9734318,639.4484554,661.008422,654.7420992,679.7015488,713.6738644,728.0355856,783.1968713,754.2540731,795.6828256,799.258376,876.2759995,902.6625995,951.1605867,964.8380788
Nigeria,2442.50098,2578.21048,2945.251781,3139.679071,3433.443947,3672.153889,3909.120916,4167.553703,4417.395066,4682.435935,4981.358232,5213.837194,5392.096403,5698.166678,6009.989453,6072.477295
Nicaragua,2718.03664,2817.618872,2842.900823,2927.856377,3123.423668,3313.09333,3506.683287,3732.018183,3881.592411,3730.984825,3887.787537,4163.256335,4458.726178,4697.737392,4950.081248,5174.972123
Netherlands,31875.23602,33194.04609,34447.20532,34111.80335,35777.15324,37625.56171,40971.26076,43896.7387,46420.20168,44566.0619,45040.31808,46599.02103,47272.10302,49241.51784,49233.2154,50302.06775
Norway,36941.60093,37780.10051,37980.35398,38550.95539,42511.17645,47797.52995,54104.28927,55876.50392,61716.59971,55375.57628,57915.01937,62076.74066,65354.77925,66961.2531,65892.68928,60385.11676
Nepal,1214.984044,1279.532443,1281.411281,1337.483006,1418.660868,1494.627788,1571.99503,1649.306356,1765.030528,1844.102817,1946.058721,2052.547197,2196.118851,2333.145473,2520.689553,2621.766575
Nauru,,,,,,,,3816.38273,5203.830851,5670.057531,6470.453571,7339.304367,8056.696421,10451.93901,13273.48365,13104.48037
New Zealand,21521.70657,22500.47759,23306.27954,23967.42075,25080.47246,25677.41908,27758.16574,29385.89572,29860.52773,30699.66202,31253.0536,32734.53667,32986.18289,36219.42401,37260.6294,37475.17836
Oman,34986.15382,36916.87265,36454.36055,35363.22896,35891.78174,36938.61607,39020.84471,40649.82056,43309.56224,44291.07489,44408.58742,41942.12056,43436.87778,42862.89365,41950.78764,41911.08648
Pakistan,2706.43252,2750.394675,2815.116141,2936.770126,3164.243422,3433.223613,3670.481818,3862.100588,3914.611952,3966.565219,3988.656725,4094.527112,4228.513001,4398.38123,4593.96424,4762.296721
Panama,8454.716158,8522.941831,8683.41252,9044.711519,9802.658752,10636.88888,11691.26125,13202.65612,14523.04302,14554.83079,15311.02913,17099.81883,18806.56302,20111.95122,21167.17679,22237.09305
Peru,5115.127919,5193.024653,5500.92409,5778.612059,6171.598136,6705.08808,7365.736619,8140.979682,8984.079457,9078.556657,9869.070416,10626.07713,11400.33573,12169.12008,12561.24545,12944.82234
Philippines,3361.325849,3459.885946,3566.98384,3736.355692,4013.774343,4255.375298,4531.986252,4877.472739,5093.578334,5106.399206,5468.305507,5689.760941,6081.936667,6514.667171,6930.764463,7313.409805
Palau,9889.832612,10598.36141,10995.73072,10787.8029,11595.39035,12495.8879,12837.98701,13626.28261,13433.88251,12979.86799,13411.10076,14527.31939,15168.30838,15245.61141,16195.01252,17977.53101
Papua New Guinea,2081.455362,2079.355108,2066.013058,2106.823758,2176.646249,2335.161838,2477.993252,2678.298445,2656.864455,2791.714611,3039.786236,3069.758098,3206.196245,3318.804769,3763.077879,4081.298247
Poland,10652.90829,11101.97471,11781.05635,12257.14487,13341.1,13895.92354,15142.18487,16787.97025,18310.44321,19246.44868,21048.33052,22850.63885,23833.2097,24719.24751,25612.25783,26856.03522
Puerto Rico,24672.33756,26748.01329,27384.78362,27890.78341,31141.05605,31518.4847,32150.48833,32821.89961,33036.52581,32816.94611,33229.92303,34195.65107,35286.05921,36207.67954,37053.7532,37715.36186
Portugal,18879.28669,19533.0661,20356.6473,20827.98424,21458.27674,22725.27749,24657.10482,25708.24619,26665.8373,26464.31081,27259.7661,26769.51189,26438.0163,27936.03966,28742.44038,29668.8592
Paraguay,6353.237862,6313.615515,6292.121243,6565.983676,6896.878338,7146.774004,7600.70403,8111.137929,8674.8955,8601.540165,9541.371804,10016.77037,10015.48605,10898.44902,11486.94437,11807.77259
West Bank and Gaza,2934.99453,2651.48523,2297.572335,2600.928833,2872.854417,3199.431134,3087.761911,3294.411027,3465.978728,3695.023886,3937.239913,4405.778573,4656.126176,4728.009206,4697.286797,4799.105387
French Polynesia,,,,,,,,,,,,,,,,
Qatar,86169.39432,88138.42244,92091.2766,91451.60854,101329.4787,97768.57115,107541.4558,109362.5076,111255.9944,108953.6771,117518.7009,124024.5682,122674.7237,122495.788,123308.2023,123822.0833
Romania,5848.885376,6521.415379,7162.335654,7551.604779,8982.101337,9602.126199,11544.68273,13686.83097,16782.2321,16635.2298,16966.46061,17907.67463,18931.5325,19797.37887,20623.32437,21631.77015
Rwanda,637.9898128,681.7397558,765.6584963,784.935105,853.7919406,945.5541673,1054.465817,1136.486959,1253.996633,1307.068325,1383.013387,1486.655474,1606.102664,1669.971866,1762.105585,1890.203675
Saudi Arabia,34440.70584,33886.43082,32527.4347,35787.18204,38515.94714,40726.05788,41927.62125,42654.27419,44945.32113,43119.88439,44498.67574,48473.70921,50491.5474,51188.96364,52550.79246,53897.94398
Sudan,1845.523341,1953.48384,2053.798124,2191.622001,2273.597495,2450.7385,2702.901009,3011.096455,3220.329656,3262.020338,3327.142295,3643.092161,4152.156101,4306.149338,4397.809343,4551.996918
Senegal,1923.982135,2007.413896,2003.101585,2123.433736,2251.253122,2389.98818,2458.169034,2579.774467,2664.229276,2667.307426,2718.906572,2739.335655,2854.119263,2903.740826,3067.034049,3205.894499
Singapore,41662.74367,41000.41843,42886.18105,46342.2965,51612.82421,55809.70032,60745.45587,65230.10844,64230.63596,62873.49475,71565.99973,76034.33406,78978.82285,82881.407,86611.51359,89007.4608
Solomon Islands,1445.486229,1323.152188,1271.979025,1344.055352,1411.468426,1497.183034,1611.374058,1735.89457,1853.137465,1737.972509,1832.831573,2064.595803,2142.507048,2185.868783,2216.265053,2235.826964
Sierra Leone,723.1020523,667.3971627,820.5143366,872.2546754,913.9100037,947.9151529,985.790854,1064.550355,1116.993886,1135.631121,1183.330094,1255.453038,1440.997449,1730.996317,1803.863023,1416.366137
El Salvador,4466.055172,4573.706426,4691.691143,4827.613517,4977.067139,5246.379551,5614.58149,5847.272164,6088.377821,5981.526531,6152.394745,6492.63255,6773.622435,7014.692142,7236.117362,7453.429732
San Marino,60124.60568,64038.2942,64432.43081,67251.79035,71286.91179,74272.13113,78463.94477,85274.41008,87290.42012,75725.33716,72075.29692,65725.56752,61073.15924,59430.98471,59290.9167,59697.44342
Somalia,,,,,,,,,,,,,,,,
Serbia,5726.130474,6137.796738,6800.877215,7197.871716,8064.492325,9181.692585,10198.61081,11225.36244,12632.1427,12536.50405,12797.32427,13746.92668,13933.83821,14629.07053,14659.54058,14922.13735
Suriname,7799.400009,8207.121207,8469.853249,9063.396066,9981.176965,10630.65723,11453.18223,12219.65847,12824.43343,13159.25969,13841.41492,14788.068,15303.70159,15851.99662,16018.08688,15472.9779
Slovak Republic,11378.14219,12391.15318,13312.20331,14165.4041,15212.45963,16639.39412,18894.40435,21201.85853,23725.85776,23085.33289,25152.7642,26049.79238,26933.42222,27967.1723,28991.56583,29924.12155
Slovenia,18003.72503,18956.12075,20241.52542,21088.99236,22740.22061,23852.64328,25693.73095,27543.4917,29604.29123,27543.39118,27824.64807,28931.38371,29042.82027,29973.69911,30870.02367,31636.75003
Sweden,29453.55155,29770.04484,30751.20665,31583.04807,33608.73327,34029.19029,37435.37573,40592.8002,41971.61205,40156.41031,42179.33712,44503.67324,45304.41571,46138.45457,47045.64635,48975.00451
Eswatini,4905.545477,5025.168164,5299.747508,5587.107921,5925.264297,6449.37007,7005.219336,7465.187626,7619.630479,7742.410725,8073.511731,8370.819097,8930.862562,9373.003028,9565.531582,9810.545675
Sint Maarten (Dutch part),,,,,,,,,,31831.67673,33410.67883,36340.24464,36245.90974,35356.26954,35547.70212,35050.42282
Seychelles,14684.04361,14652.49076,14611.1608,14165.73618,14184.8837,15870.28455,17520.16314,19764.54473,19280.3927,19137.3887,19948.41572,22556.58257,23051.79171,24412.8862,25594.10396,26546.40585
Syrian Arab Republic,,,,,,,,,,,,,,,,
Turks and Caicos Islands,,,,,,,,,,,,19845.63099,19315.78149,19541.63676,20862.89067,21958.80232
Chad,789.0857645,866.9534573,919.30299,1033.579668,1365.774154,1593.191325,1595.093799,1635.096706,1661.636622,1688.082282,1875.557261,1852.938156,1988.064823,2067.796467,2179.247741,2191.741795
Togo,983.1198991,961.3663774,942.5333391,982.3464571,1004.334487,1020.978317,1065.777629,1089.696751,1125.033908,1164.346278,1216.508967,1286.470497,1360.257545,1430.525333,1504.32208,1566.994218
Thailand,7312.810698,7659.243252,8190.496026,8875.774031,9621.585542,10270.27254,11039.84209,11885.80937,12261.4599,12207.96845,13213.31474,13537.48834,14727.14305,15318.63674,15694.33668,16293.6098
Tajikistan,943.1371819,1039.08812,1150.196263,1276.807012,1420.907352,1533.305278,1658.496929,1798.807199,1938.442493,1986.596247,2094.538959,2245.785335,2404.805181,2567.785701,2726.507194,2851.709486
Turkmenistan,4243.798539,4477.728363,4514.82698,4702.340206,5019.026996,5786.876112,6539.938877,7366.385083,8499.066211,8955.280706,9738.983107,11212.4865,12469.88011,13726.37238,15144.54545,16011.55121
Timor-Leste,2597.769954,2844.860899,2628.765818,2577.720358,4232.660492,5791.984039,8277.114781,8774.681105,9655.649098,8981.084925,8821.211793,9860.331546,10369.38916,9216.474857,6833.300502,8177.850186
Tonga,3665.902526,3860.989502,4034.236903,4171.913068,4242.379484,4413.484858,4474.59379,4365.824859,4553.276725,4669.997988,4889.298528,5151.454825,5339.532136,5313.805671,5567.035411,5849.717335
Trinidad and Tobago,14590.83383,15477.72714,16896.24604,19597.94841,21615.02249,23555.7148,27346.16638,29283.36361,30724.79466,29454.02792,30620.1748,30980.45449,31770.1904,32831.47606,32937.07201,33698.66655
Tunisia,6021.264395,6331.13635,6465.27773,6843.692211,7408.824855,7839.868116,8421.998833,9135.799881,9605.921377,9868.305639,10227.32596,10139.13146,10642.5379,11032.93957,11460.34826,11598.86038
Turkey,9583.78065,9215.131989,9329.813176,9603.880437,10860.05874,11887.86395,13621.46548,14849.32529,16053.80379,15489.87192,17425.86136,19651.67848,20616.86987,22269.03766,23967.11803,25625.57463
Tuvalu,2428.493554,2498.379457,2706.083826,2628.841103,2624.523401,2569.873659,2672.208254,2889.413134,3152.091628,3003.298324,2925.616097,3180.104184,3086.009247,3248.194851,3319.10486,3619.410338
Tanzania,1245.069474,1314.909847,1392.131445,1470.929684,1578.693473,1700.950077,1815.144391,1934.752743,2026.252856,2088.519946,2182.374747,2329.330437,2408.249792,2539.662399,2680.385594,2791.023424
Uganda,849.103967,885.0605616,947.3411238,995.2352113,1057.383445,1123.213095,1242.210442,1339.980495,1438.876731,1500.178502,1552.93584,1679.937855,1722.184621,1757.490012,1820.129666,1868.547153
Ukraine,3817.510547,4303.35667,4646.840744,5225.772428,6062.087656,6485.633061,7227.729835,8033.265679,8423.700146,7267.415871,7664.396582,8281.867126,8481.779747,8647.990381,8710.749383,7972.435611
Uruguay,10249.7381,10054.52709,9422.245715,9681.415106,10446.4655,11574.32289,12399.89304,13540.07137,14756.47578,15456.18466,16808.28488,17993.44754,18930.9673,20094.29378,21069.23438,21300.97607
Uzbekistan,2499.496162,2627.207489,2741.054692,2876.463685,3137.531025,3420.094331,3740.23256,4145.109337,4533.914272,4853.690566,5136.234068,5502.049022,5933.17607,6394.541435,6866.481774,7327.832069
St. Vincent and the Grenadines,6018.054836,6248.683949,6736.242394,7373.343424,7873.038743,8312.448941,9223.366048,9795.376157,10155.83137,10028.25893,9807.792586,9965.064507,10285.2807,10639.2469,10948.04925,11182.83559
Virgin Islands (U.S.),,,,,,,,,,,,,,,,
Vietnam,2048.363759,2200.02024,2353.000468,2538.163204,2777.246874,3051.608497,3332.143253,3631.182562,3874.039234,4074.18424,4342.751917,4662.223052,4949.131363,5253.397519,5613.627304,5989.75769
Vanuatu,2247.43859,2166.861084,2037.99834,2110.139082,2196.248102,2326.010727,2537.567155,2676.832698,2837.237368,2882.471224,2888.738336,2905.904722,2930.914618,2956.516263,2997.943089,2954.966829
Samoa,3487.169815,3790.586688,3994.694834,4226.80407,4513.226983,4816.581754,5027.896853,5454.115605,5579.016217,5313.757658,5360.970497,5655.137334,5480.605903,5505.993493,5570.620519,5831.525656
Kosovo,3688.088054,4782.379635,4820.69745,5200.329414,5476.113407,5983.3044,6390.420478,6983.8792,7249.40936,7506.89862,7782.875107,8222.285712,8547.652384,8903.763429,9194.741819,9781.019679
South Africa,7719.255957,7994.262425,8315.442736,8613.587442,9136.414314,9796.154549,10524.34606,11240.26037,11667.84983,11416.00169,11728.16049,12179.17419,12488.21557,12815.72707,13090.47683,13185.25328
Zambia,1691.967387,1773.963693,1835.247757,1948.531639,2087.213343,2248.465939,2434.454195,2637.277877,2819.650593,3017.024571,3269.794329,3419.01046,3634.780353,3765.584162,3893.549478,3927.761816
Zimbabwe,2344.271146,2421.530752,2235.360895,1885.511354,1818.104977,1759.358119,1738.51425,1705.901346,1417.507098,1581.161558,1888.566739,2168.110293,2534.541919,2583.985638,2648.568967,2679.580317
